unknown,DESC:manner How did serfdom develop in and then leave Russia ?
what,ENTY:cremat What films featured the character Popeye Doyle ?
unknown,DESC:manner How can I find a list of celebrities ' real names ?
what,ENTY:animal What fowl grabs the spotlight after the Chinese Year of the Monkey ?
what,ABBR:exp What is the full form of .com ?
what,HUM:ind What contemptible scoundrel stole the cork from my lunch ?
what,HUM:gr What team did baseball 's St. Louis Browns become ?
what,HUM:title What is the oldest profession ?
what,DESC:def What are liver enzymes ?
unknown,HUM:ind Name the scar-faced bounty hunter of The Old West .
when,NUM:date When was Ozzy Osbourne born ?
unknown,DESC:reason Why do heavier objects travel downhill faster ?
who,HUM:ind Who was The Pride of the Yankees ?
who,HUM:ind Who killed Gandhi ?
what,ENTY:event What is considered the costliest disaster the insurance industry has ever faced ?
what,LOC:state What sprawling U.S. state boasts the most airports ?
what,DESC:desc What did the only repealed amendment to the U.S. Constitution deal with ?
unknown,NUM:count How many Jews were executed in concentration camps during WWII ?
what,DESC:def What is `` Nine Inch Nails '' ?
what,DESC:def What is an annotated bibliography ?
what,NUM:date What is the date of Boxing Day ?
what,ENTY:other What articles of clothing are tokens in Monopoly ?
unknown,HUM:ind Name 11 famous martyrs .
what,DESC:desc What 's the Olympic motto ?
what,DESC:desc What is the origin of the name ` Scarlett ' ?
what,ENTY:letter What 's the second-most-used vowel in English ?
who,HUM:ind Who was the inventor of silly putty ?
what,LOC:other What is the highest waterfall in the United States ?
unknown,ENTY:other Name a golf course in Myrtle Beach .
unknown,LOC:state Which two states enclose Chesapeake Bay ?
what,ABBR:exp What does the abbreviation AIDS stand for ?
what,ENTY:other What does a spermologer collect ?
unknown,NUM:count How many points make up a perfect fivepin bowling score ?
unknown,HUM:gr Which company that manufactures video-game hardware sells the `` super system '' ?
unknown,NUM:count How many Community Chest cards are there in Monopoly ?
what,DESC:desc What do Mormons believe ?
when,NUM:date When did the neanderthal man live ?
what,ENTY:religion In what religion was Isis the nature goddess ?
unknown,LOC:other Where do the adventures of `` The Swiss Family Robinson '' take place ?
what,ENTY:animal What relative of the racoon is sometimes known as the cat-bear ?
unknown,DESC:manner How can I register my website in Yahoo for free ?
what,ENTY:other What was cash-conscious Colonel Edwin L. Drake the first to drill ?
unknown,NUM:count How many people in the world speak French ?
unknown,NUM:count How many inches over six feet is the Venus de Milo ?
unknown,DESC:manner How do they find or choose witnesses to an execution ?
what,HUM:ind What 1920s cowboy star rode Tony the Wonder Horse ?
what,ENTY:food What cocktail inspired John Doxat to write the book Stirred-Not Shaken ?
what,HUM:gr What ISPs exist in the Caribbean ?
unknown,DESC:manner How do you ask a total stranger out on a date ?
what,ENTY:other What weapon is the mythological character Apollo most proficient with ?
what,LOC:country What country do the Galapagos Islands belong to ?
what,DESC:def What is ethology ?
who,HUM:ind Who was the prophet of the Muslim people ?
unknown,DESC:desc Where did the term `` 86ed '' come from ?
who,HUM:ind Who is Snoopy 's arch-enemy ?
what,DESC:def What is the nature of learning ?
what,ENTY:color What 's the only color Johnny Cash wears on stage ?
what,ENTY:termeq What 's the term for a young fox ?
what,LOC:state What U.S. state lived under six flags ?
what,DESC:def What is the Kashmir issue ?
unknown,LOC:other Where is the Loop ?
what,DESC:def What does `` extended definition '' mean and how would one write a paper on it ?
what,LOC:country What country 's capital is Tirana ?
what,DESC:def What is titanium ?
who,HUM:ind Who do Herb and Tootsie live next door to ?
unknown,LOC:city Which city has the oldest relationship as a sisterðcity with Los Angeles ?
what,DESC:def What is a caldera ?
unknown,DESC:reason Why do people get calluses ?
what,LOC:other What are the names of the tourist attractions in Reims ?
what,DESC:reason What are Cushman and Wakefield known for ?
what,LOC:other What body of water does the Danube River flow into ?
who,HUM:ind Who is the founder of Scientology ?
what,ENTY:other What does the six-footed Musca domestica become when it enters a house ?
what,DESC:desc What is the history of skateboarding ?
who,HUM:ind Who starred in Singing in the Rain and The Singing Nun ?
unknown,DESC:manner How do I make fuel bricks from recycled newspaper ?
what,HUM:ind What 19th-century painter died in the Marquesas Islands ?
what,ENTY:body The corpus callosum is in what part of the body ?
unknown,DESC:manner How do I log on to home page at Headquarters U.S. European Command ?
what,"LOC:country What country did the Nazis occupy for 1 , CD NNS IN NNP NNP NNP ."
what,ENTY:other What is Nebraska 's most valuable resource ?
unknown,NUM:count How many species of the Great White shark are there ?
what,DESC:desc What is the origin of head lice ?
what,LOC:state What is the nickname for the state of Mississippi ?
what,ENTY:animal What was the first domesticated bird ?
unknown,NUM:count How many villi are found in the small intestine ?
what,LOC:country What country did King Wenceslas rule ?
what,ENTY:dismed What is a fear of shadows ?
who,HUM:ind Who were the five Marx brothers ?
unknown,NUM:date In which year was New Zealand excluded from the ANZUS alliance ?
when,NUM:date When did CNN begin broadcasting ?
what,DESC:reason What causes the body to shiver in cold temperatures ?
what,DESC:def What are bear and bull markets ?
what,ENTY:cremat What J.R.R. Tolkien book features Bilbo Baggins as the central character ?
what,DESC:def What is `` dew point '' ?
what,DESC:def What is the meaning of Jesus ?
what,HUM:gr What company 's logo is a `` W '' in a circle ?
what,DESC:def What is the definition of a cascade ?
when,NUM:date When did Rococo painting and architecture flourish ?
what,LOC:country What country 's national passenger rail system is called Via ?
who,HUM:ind Who invented Make-up ?
what,DESC:desc What is the origin of the word `` attic '' ?
what,DESC:desc What did Delilah do to Samson 's hair ?
what,ENTY:animal What kind of animals were in the Paleozoic era ?
unknown,HUM:ind Which of the following was Rhodes Scholar ?
who,HUM:ind Who comprised the now-defunct comic book team known as the Champions ?
unknown,DESC:manner How do you make a paintball ?
what,LOC:state What U.S. state is Fort Knox in ?
what,ENTY:animal What is a female rabbit called ?
unknown,LOC:mount Where is the highest point in Japan ?
unknown,DESC:desc Where do chihuahuas come from ?
unknown,LOC:other Where does Barney Rubble go to work after he drops Fred off in the `` Flintstones '' cartoon series ?
what,LOC:other What are the world 's four oceans ?
what,ENTY:cremat What 's the only work by Michelangelo that bears his signature ?
what,ENTY:animal What is the largest snake in the world ?
what,ENTY:cremat In what medium is Stuart Hamblen considered to be the first singing cowboy ?
unknown,LOC:other Where on the Internet can I find a song lyrics database similar to the International Lyrics Server ?
unknown,NUM:money How much money does a back injury lawsuit get ?
what,ENTY:termeq What 's the common name for acetylsalicylic acid ?
what,DESC:def What does the Georgetown `` Hoya '' mean ?
unknown,LOC:other Where can I find a list of `` classic '' books 5th and 6th graders should read ?
unknown,ENTY:product Which two products use a tiger as their symbol ?
unknown,DESC:manner How is the election of a new Pope announced to the world ?
unknown,NUM:period How long does it take for your blood to make one complete trip through the body ?
unknown,DESC:manner How do chickens have baby chicks ?
what,DESC:desc What is the historical relationship of Catholic Church and bingo ?
unknown,DESC:manner How was the element calcium named ?
what,HUM:ind What crooner joined The Andrews Sisters for Pistol Packin Mama ?
what,HUM:gr What piano company claims its product is the `` Instrument of the immortals '' ?
when,NUM:date When did the Bounty mutiny take place ?
what,ENTY:cremat What novel inspired the movie BladeRunner ?
what,DESC:def What is a transistor ?
what,ENTY:cremat What is a film starring Jude Law ?
what,ENTY:animal What Hollywood dog died in the arms of Jean Harlow in 1932 ?
what,ENTY:substance What are the most common elements in the Earth 's crust ?
unknown,"NUM:money How much would it cost to purchase a 2-foot-square party tent , with sides , ?"
what,HUM:ind What actress has received the most Oscar nominations ?
what,DESC:def What are equity securities ?
what,DESC:def What is gymnophobia ?
unknown,NUM:count How many years do fossils take to form ?
unknown,LOC:other Where is the Orinoco ?
what,ENTY:animal What was the name of the `` Little Rascals '' dog ?
what,"LOC:city What city boasts Penn 's Landing , on the banks of the Delaware river ?"
what,ENTY:cremat What Broadway musical was inspired by Cervantes 's Don Quixote ?
what,"DESC:desc What is the origin of the word , JJ ."
unknown,NUM:count How many hostages were killed in the Entebbe raid ?
unknown,DESC:manner How you can raise your IQ ?
what,ABBR:exp What does INRI stand for when used on Jesus ' cross ?
who,HUM:gr Who produces Spumante ?
who,HUM:ind Who earns their money the hard way ?
who,HUM:ind Who founded the People 's Temple Commune ?
what,HUM:ind What athlete makes the most money from sports merchandise sales ?
unknown,NUM:count How many bends are there in a standard paper clip ?
who,HUM:ind Who discovered electricity ?
what,ENTY:body What part of your body contains the corpus callosum ?
who,HUM:ind Who was the first American in space ?
what,LOC:country What two South American countries do n't border Brazil ?
what,ENTY:cremat What album put The Beatles on the cover of Time in 1967 ?
what,"ENTY:cremat What poem contains the line , `` grow old with me the best is yet to be '' ."
what,DESC:def What is a dental root canal ?
what,ENTY:event What war did the Wanna-Go-Home Riots occur after ?
what,NUM:date What is the busiest air travel season ?
what,ENTY:body What 's the colored part of the eye called ?
what,DESC:def What are hook worms ?
unknown,LOC:other Where is the Rose Bowl played ?
unknown,HUM:gr Which Japanese car maker had its biggest percentage of sale in the domestic market ?
who,HUM:ind Who is the mayor of Marbella ?
what,"LOC:other What sun-blasted , 14-mile wide valley is just north of the Mojave desert ?"
what,NUM:date In what year did Thatcher become prime minister ?
unknown,NUM:count How many months does it take the moon to revolve around the Earth ?
unknown,LOC:other Where are the 49 steps ?
what,NUM:date In what year was De Gaulle elected president of France ?
who,HUM:ind Who sings the themes for `` Dawson 's Creek '' and `` Felicity '' ?
who,HUM:ind Who directed `` Jaws '' ?
what,ENTY:cremat On what T.V. show could Tom Terrific be found ?
what,HUM:gr What Indian tribe is F Troop perpetually doing battle with ?
unknown,DESC:desc Where did Indian Pudding come from ?
unknown,DESC:reason Why do some clothing labels say `` Use a nonchlorine bleach '' ?
unknown,NUM:count How many colonies were involved in the American Revolution ?
what,LOC:city What is the name of the city that Maurizio Pellegrin lives in ?
unknown,LOC:other Where can I find pictorial directions on how to build a very simple treehouse ?
what,"ENTY:sport What game 's board shows the territories of Irkutsk , Yakutsk and Kamchatka ?"
what,HUM:ind What is the name of the managing director of Apricot Computer ?
what,HUM:title What is the occupation of Nicholas Cage ?
unknown,DESC:reason Why do horseshoes bring luck ?
what,"DESC:def What is the 401 , K , plan ?"
what,DESC:reason What causes pneumonia ?
what,NUM:date What are the three winter months in the southern hemisphere ?
what,DESC:def What does gringo mean ?
what,LOC:country What country contains Africa 's northernmost point ?
what,ENTY:dismed What therapy attempts to elicit the `` primal scream '' ?
unknown,LOC:other Where is the Kalahari desert ?
unknown,HUM:gr Which Ventura County police department seized the largest cocaine shipment in it 's history ?
what,LOC:city What city is sometimes called Gotham ?
what,ENTY:body What dangles over the tongue from the palate ?
who,HUM:ind Who created Dennis the Menace ?
what,HUM:ind What dummy received an honorary degree from Northwestern University ?
when,NUM:date When was the first Wall Street Journal published ?
what,LOC:country What countries have the largest areas of forest ?
unknown,DESC:manner How do I start a web based business ?
unknown,HUM:ind Name Alvin 's brothers
what,DESC:def What is Eagle 's syndrome styloid process ?
unknown,DESC:manner How did Jayne Mansfield die ?
when,NUM:date When did the royal wedding of Prince Andrew and Fergie take place ?
what,HUM:ind What actor said in A Day at the Races : `` Either he 's dead or my watch has stopped '' ?
what,HUM:ind What explorer was nicknamed Iberia 's Pilot ?
what,NUM:date CNN began broadcasting in what year ?
what,ENTY:termeq What is a ball that hits the foul pole called ?
what,DESC:reason What makes hamburgers taste like steakburgers ?
unknown,HUM:gr Which company created the Internet browser Mosaic ?
what,ENTY:event What are the rites accompanying the circumcision of a newly born-child in Judaism called ?
what,ENTY:other What was the education system in the 1960 's ?
what,LOC:city What South American city has the world 's highest commercial landing field ?
unknown,DESC:manner How can I find out which cities have cable-modem access ?
what,DESC:reason What is Betsy Ross famous for ?
unknown,NUM:count How many species of sharks are there ?
what,DESC:def What is `` snoogans '' ?
unknown,NUM:count How many people are there in the world ?
what,ENTY:plant What shrubs can be planted that will be safe from deer ?
what,HUM:gr What organization 's offices were broken into at Watergate in 1972 ?
what,DESC:desc What is the design of the ship Titanic ?
what,ABBR:exp What does S.O.S. stand for ?
unknown,ENTY:techmeth Name a technique widely used to detect birth defects ?
what,DESC:desc What is the daily requirement of folic acid for an expectant mother ?
what,DESC:def What is the `` 7-minute cigarette '' ?
what,ENTY:other What four forms does gold occur in ?
what,NUM:volsize What is the acreage of the Chappellet vineyard ?
unknown,DESC:manner How do you correctly say the word ` qigong ' ?
when,NUM:date When did beethoven die ?
unknown,NUM:money How much does a new railroad coal car cost ?
what,LOC:country What two European countries entered the War of American Independence against the British ?
what,DESC:def What is the filmmakers collabrative ?
what,HUM:ind What Russian composer 's Prelude in C Sharp Minor brought him fame and fortune ?
what,DESC:reason What caused Harry Houdini 's death ?
who,"HUM:ind Who was the mother of the man who would not be king , the duke of Windsor ?"
unknown,NUM:count How many revolutions does a standard LP make in three minutes ?
what,LOC:mount What is the name of the tallest mountain in the world ?
unknown,LOC:other Where can I find a review of Nightmare on Elm Street in a film journal ?
what,ENTY:techmeth What 's the slowest Olympic swimming stroke ?
what,HUM:ind What was the name of the first Russian astronaut to do a spacewalk ?
what,ENTY:dismed What disease is transmitted by the Anopheles mosquito ?
what,ENTY:food What rum is so `` mixable '' it is a one-brand bar ?
unknown,NUM:count How many South American countries have the letter Z in their names ?
what,DESC:def What is the contents of proposition 98 ?
unknown,LOC:other Where was George Washington born ?
unknown,"NUM:count How many people on the ground were killed from the bombing of Pan Am Flight 103 over Lockerbie , Scotland , December 21 , CD ."
who,HUM:ind Who wrote NN DT NNP NNP '' ?
what,DESC:def What is paracetamol ?
what,DESC:desc What are the powers and weaknesses of Green Lantern 's ring ?
unknown,"ENTY:animal Which mosquito 's bite draws blood , DT NN CC DT NN ."
when,NUM:date When was the first steel mill in the United States built ?
what,HUM:ind What diminutive American female gymnast stole the show at the 1984 Olympics ?
what,DESC:desc What is the origin of the name Katie ?
what,"HUM:gr What schools in the Washington , DC NN NN VBP NN NN NN NN ."
unknown,NUM:date When did the Berlin Wall go up ?
who,HUM:desc Who is Terrence Malick ?
what,ENTY:instru What instrument is Ray Charles best known for playing ?
what,"DESC:def What 's the meaning of the Latin battle cry : Ad arma , ad arma ."
what,ENTY:other What is the mascot for Notre Dame University ?
what,"LOC:other What Las Vegas hotel burned in November , 1980 , with the loss of 84 lives ?"
when,NUM:date When did Mount St. Helen last have a significant eruption ?
what,ABBR:exp CNN is the abbreviation for what ?
when,NUM:date When did World War I start ?
unknown,NUM:count How many feet are there in a fathom ?
what,DESC:def What is a Canada two-penny black ?
what,LOC:city What European city do Nicois live in ?
unknown,DESC:manner How can I find out what year a Beanie Baby was introduced ?
what,DESC:def What is the classic definition of tragic hero ?
what,ENTY:other To what does Microsoft 's Windows 3 owe its success ?
who,HUM:ind Who was President of Afghanistan in 1994 ?
what,"ENTY:techmeth What are other ways of getting stretch marks besides pregnancy , weight loss , and weight lifting ?"
what,ENTY:food What did brontosauruses eat ?
what,ENTY:color What color bottles do good Rhine wines come in ?
who,HUM:ind Who was the lead actress in the movie ` Sleepless in Seattle ' ?
who,HUM:ind Who was the 16th President of the United States ?
who,HUM:ind Who are the two sons of Ozzie and Harriet Nelson ?
what,DESC:def What is molybdenum ?
when,NUM:date When is Boxing Day ?
what,ENTY:other What is the lowest level of the American judiciary ?
when,NUM:date When was the battle of the Somme fought ?
unknown,NUM:count How many people did Randy Craft kill ?
what,ENTY:animal What 's the official animal of Canada ?
when,NUM:date When did Spielberg direct `` Jaws '' ?
what,NUM:volsize What is the size of the largest akita ?
what,ENTY:animal What animal has the biggest eyes ?
what,LOC:city What is California 's capital ?
who,HUM:ind Who was the author of the book about computer hackers called `` The Cuckoo 's Egg : Tracking a Spy Through the Maze of Computer Espionage '' ?
who,HUM:ind Who was the founding member of the Pink Floyd band ?
what,LOC:country What European country is home to the beer-producing city of Budweis ?
unknown,DESC:manner How do I find the balance of my social security account ?
what,DESC:desc What is the history of Valentine 's Day cards ?
unknown,LOC:other Where was Christopher Columbus born ?
what,ENTY:termeq What do Italians call Florence ?
unknown,DESC:manner How do you get to the top of the Eiffel Tower ?
what,ABBR:exp What does ` PSI ' stand for ?
what,LOC:other What sea did the Romans call mare nostrum ?
what,ENTY:termeq What 's the term for a bet before cards are dealt ?
unknown,"ENTY:animal Which came first , according to Genesis 1 : 2 : 22 - the chicken or the egg ?"
what,LOC:city What city did the Flintstones live in ?
what,ENTY:termeq What is Latin for incompetent ?
what,ENTY:dismed What chemicals are used in lethal injection ?
what,HUM:gr What toy company is the world 's No.1 maker of female apparel ?
what,ENTY:sport What board game does a `` wood-pusher '' play poorly ?
unknown,HUM:ind Which Doonesbury character was likely to turn into a werewolf ?
what,ABBR:abb What is the abbreviation for micro ?
what,ENTY:other What are the 7 articles of the constitution ?
who,HUM:gr Who has won the most Super Bowls ?
what,ABBR:exp What does NASDAQ stand for ?
what,ABBR:exp What is BPH ?
what,ENTY:other What is the fastest commercial automobile that can be bought in the US ?
what,LOC:other What stadium do the Miami Dolphins play their home games in ?
who,HUM:ind Who has the only speaking role in `` Silent Movie '' ?
unknown,DESC:reason Why is poop sometimes different colors ?
what,NUM:other What was Einstein 's IQ ?
what,NUM:date What day was Pearl Harbor attacked in 1942 ?
what,HUM:ind What girl 's name is `` Teddy '' an affectionate form of ?
what,LOC:state What state is John F. Kennedy buried in ?
what,ENTY:techmeth What is the best way to remove wallpaper ?
what,LOC:state What U.S. state has an element named for it ?
what,HUM:gr What company tabulates the ballots in voting for the Academy Awards ?
unknown,DESC:manner How did the tradition of best man start ?
unknown,NUM:count How many years ago did the ship Titanic sink ?
what,LOC:other What is the deepest area of the Arctic Ocean ?
what,ENTY:color What are Halloween 's colors ?
unknown,DESC:manner How is silk screening done ?
what,"NUM:other What is the latitude and longitude of El Paso , Texas ?"
who,HUM:ind Who made a boat out of gopher wood ?
unknown,LOC:other Where can I find a `` Fifth Element '' screensaver ?
unknown,HUM:ind Which Bloom County resident wreaks havoc with a computer ?
unknown,DESC:manner How do you match a name to a social security number ?
unknown,DESC:manner How does a rainbow form ?
what,NUM:other What is the normal resting heart rate of a healthy adult ?
what,NUM:other What is the population of Ohio ?
unknown,NUM:count How many calories are there in a Big Mac ?
what,DESC:def Hazmat stands for what ?
what,ENTY:animal What creature scares people in the film `` Jaws '' ?
what,HUM:ind What part did John Peter Zenger play in the deveopment of the newspaper in America ?
who,HUM:ind Who followed Caesar ?
what,ENTY:substance What are the four elements ?
who,HUM:ind Who was the first woman golfer to earn a million ?
what,ENTY:other What 's the tallest piece on a chessboard ?
what,LOC:other What is Answers.com 's address ?
unknown,LOC:other Where can I buy movies on videotape online ?
who,HUM:ind Who does the advertizing for Frito-Lay ?
who,HUM:gr Who is the leading competitor of Trans Union Company ?
what,ENTY:product What product did Robert Conrad dare people to knock off his shoulder ?
who,HUM:ind Who invented the radio ?
what,NUM:count What 's the American dollar equivalent for 8 pounds in the U.K. ?
what,ENTY:techmeth What are the different approaches of systems analysis ?
unknown,DESC:manner How do doctors diagnose bone cancer ?
who,HUM:ind Who is the man behind the pig-the man who pulls the strings and speaks for Miss Piggy ?
what,NUM:speed What is the speed of the Mississippi River ?
what,ENTY:other What are the developmental stages of a swimmer ?
what,HUM:ind What actor first portrayed James Bond ?
what,LOC:other What ocean is the largest in the world ?
who,"HUM:ind Who was the first American poet to win the Nobel Prize for literature , in 1948 ?"
what,NUM:date What year did Jack Nicklaus join the Professional Golfers Association tour ?
unknown,NUM:count How many sonnets did Shakespeare write ?
what,DESC:reason What causes the redness in your cheeks when you blush ?
who,HUM:ind Who won the Nobel Peace Prize in 1991 ?
who,HUM:gr Who are the Challengers of the Unknown ?
unknown,DESC:def Define the Pheonix Club ?
unknown,LOC:city Which city did Christian Crusaders fight to recapture from the Muslims ?
what,DESC:def What does it mean `` Rupee Depreciates '' ?
what,ENTY:other What gaming devices were dubbed `` Mississippi marbles '' and `` Memphis dominoes '' ?
who,HUM:ind Who was the first coach of the Cleveland Browns ?
unknown,DESC:manner How successful is arometherapy ?
what,ENTY:event What Jewish holiday saw the start of the 1973 Mideast War ?
unknown,DESC:manner How does a copier work ?
what,NUM:speed What is the speed of the Mississippi River ?
who,HUM:ind Who said of Super Bowl III in 1969 : `` We 'll win- I guarantee it '' ?
what,ENTY:animal What is Dudley Do-Right 's horse 's name ?
who,HUM:ind Who declared : `` I am down on whores and I shan 't stop ripping them '' ?
unknown,LOC:other Where does chocolate come from ?
what,ENTY:cremat What TV game show once saw a contestant admit to picking his toes in the shower ?
what,HUM:ind What Soviet leader owned a Rolls-Royce ?
unknown,LOC:other Where can I find a case on Individuals with Disabilities Education Act of 1991 ?
what,ENTY:event What war did Florence Nightingale tend the troops in ?
who,"HUM:ind Who wrote the song , `` Stardust '' ?"
unknown,NUM:count How many Beatles ' records went #1 ?
who,HUM:ind Who is the only prime minister of Canada to serve 22 years but not necessarily consecutively ?
what,ABBR:abb What is the abbreviation of the company name ` General Motors ' ?
what,LOC:mount What mountains lie between the Arkansas and Missouri rivers ?
who,HUM:ind Who received the Will Rogers Award in 1989 ?
what,DESC:reason What is the function of RAM ?
what,LOC:other What 's the closest G2 Spectrum Yellow Dwarf to Earth ?
unknown,NUM:count How many equal angles are there in an isosceles triangle ?
what,ENTY:dismed What is the fear of cockroaches called ?
what,ENTY:cremat What CBS soap opera was interrupted by the bulletin of John F. Kennedy 's assassination ?
what,DESC:desc What is the use of a 24-hour clock instead of a 12-hour clock ?
what,HUM:ind What was the name of the lawyer who represented Randy Craft ?
what,HUM:ind What United States President had dreamed that he was assassinated ?
what,ENTY:cremat What film did Lee Marvin win the 1965 best actor Oscar for ?
unknown,LOC:other Where is Basque country located ?
what,ENTY:product What product does `` Mrs. Olsen '' promote ?
when,NUM:date What time of day did Emperor Hirohito die ?
what,DESC:def What is dry ice ?
what,ENTY:other What 's the most powerful card in Euchre ?
what,DESC:def What does `` intractable plantar keratoma '' mean ?
unknown,NUM:count How many years did it take James Joyce to write Ulysses ?
what,ENTY:food What crop failure caused the Irish Famine ?
what,LOC:city What South Korean city is served by Kimpo International Airport ?
unknown,NUM:count How many types of dogs ' tails are there - three
what,ENTY:cremat What is the longest-running television series ?
what,ENTY:animal What predators exist on Antarctica ?
what,DESC:desc What is the difference between a generator and an alternator ?
unknown,DESC:manner How is energy created ?
what,ENTY:food What beer advertised that it had `` three rings '' ?
what,NUM:other What is the quantity of American soldiers still unaccounted for from the Vietnam war ?
what,ENTY:techmeth What golfing accessory was patented by George Grant on December 12
what,ENTY:other What are the different types of plastic ?
unknown,DESC:manner How is it correct to say ` qigong ' ?
what,LOC:mount What was the highest mountain on earth before Mount Everest was discovered ?
unknown,"LOC:other Where was the Ligurian Republic , 1797-185 , ?"
what,LOC:country What country 's people are the top television watchers ?
when,NUM:date When was the women 's suffrage amendment ratified ?
what,HUM:gr What Polynesian people inhabit New Zealand ?
what,ENTY:cremat What movie tour of the Roman empire features the admonition : `` Row well and live '' ?
what,LOC:city What Nevada center has been dubbed The Biggest Little City in the World ?
what,"HUM:ind What President lived at 219 North Delaware Street , Independence , Missouri ?"
unknown,DESC:reason Give a reason for American Indians oftentimes dropping out of school .
unknown,LOC:other Where must a soccer goalie stand to be permitted to handle the ball ?
what,DESC:desc What is the difference between classical conditioning and operant conditioning ?
what,LOC:state In what U.S. state was the first woman governor elected ?
what,DESC:desc What are some interesting facts and information about dogsledding ?
when,NUM:date What year did Hitler die ?
what,HUM:ind What famous model was married to Billy Joel ?
what,ENTY:animal What kind of animal is Babar ?
what,DESC:reason What is Jane Goodall known for ?
what,ENTY:other What killed Bob Marley ?
unknown,NUM:money How much money are Dumbo 's ears insured for ?
who,HUM:ind Who danced into stardom with Fred Astaire in 1941 's You 'll Never Get Rich ?
who,HUM:desc Who is Stein Eriksen ?
what,DESC:def What does the name Billie mean ?
who,HUM:ind Who is the fastest swimmer in the world ?
what,LOC:mount What is the highest peak in Africa ?
unknown,LOC:other Where is Procter & Gamble headquartered in the U.S. ?
what,LOC:other What desert has been called The Garden of Allah ?
what,ENTY:other What do bicornate animals have two of ?
what,DESC:reason What function does a community 's water tower serve ?
what,ENTY:dismed What is a fear of weakness ?
unknown,NUM:count How many miles is it to Ohio from North Carolina ?
unknown,NUM:count How much snow equals an inch of rain ?
what,ABBR:exp What does G.M.T. stand for ?
what,DESC:def What does Inuit and Eskimo mean ?
what,ENTY:cremat What song served as the closing theme of The Johnny Cash Show ?
what,ENTY:sport What field sport did dentist William Beers promote and write a standard book of rules for ?
unknown,DESC:manner How do I tie dye clothes ?
when,NUM:date When does the average teenager first have intercourse ?
unknown,DESC:reason Why doesn 't www.answers.com have any answers to my questions ?
what,HUM:ind What actor 's autobiography is titled All My Yesterdays ?
what,HUM:ind What Russian master spy lived in the U.S. under the name Emil Goldfus ?
unknown,LOC:other Where 's the 19th hole on a golf course ?
what,DESC:reason What 's nature 's purpose for tornadoes ?
who,HUM:ind Who played the original Charlie 's Angels ?
unknown,LOC:other Where can I find a person 's address from a telephone number ?
what,"ENTY:word What English word comes from the Old French covrefeu , meaning cover fire ?"
what,ENTY:instru What musical instrument did Prewitt play in James Jones 's From Here to Eternity ?
unknown,LOC:other Where did Sarge Steel get his metal hand ?
what,DESC:reason What makes popcorn pop ?
who,HUM:ind Who wrote The Night of the Iguana ?
unknown,ENTY:body Where does your hair grow the fastest ?
what,LOC:country What country did King Gustav V reign over from 197 to 195 ?
who,HUM:ind Who painted Mother and Child ?
what,NUM:speed What is the speed of the Mississippi River ?
what,LOC:other In what area of the world was the Six Day War fought ?
what,LOC:other What is the brightest star visible from Earth ?
what,ENTY:cremat What film marked Robert Redford 's directorial debut ?
what,HUM:ind What was Mao 's second name ?
what,ENTY:cremat What film or films has Jude Law appeared in ?
unknown,LOC:other Where do hyenas live ?
who,HUM:desc Who is the `` Queen Mother '' ?
what,ENTY:lang What 's the most commonly-spoken language in Belgium ?
who,HUM:ind Who has more DNA - a man or a woman ?
what,DESC:def What are Maid-Rites ?
what,"ENTY:cremat What children 's tale contains the line : `` Come , Cinderslut , and hold this skein of wool for me '' ?"
what,HUM:gr What level of government or governmental agency is responsible for dealing with racism ?
unknown,NUM:count How many referees work a soccer game ?
what,ENTY:food What cocktail do you concoct with whisky and sweet vermouth ?
unknown,ENTY:termeq How do you say `` fresh '' in Spanish ?
what,DESC:desc What do bee hives do in cranberry bogs ?
what,DESC:reason What caused the Lynmouth floods ?
when,NUM:date When is the Tulip Festival in Michigan ?
who,"HUM:ind Who came up with the name , El Nino ?"
what,ENTY:cremat What movie did Madilyn Kahn star in with Gene Wilder ?
what,ENTY:other What type of bridge is the Golden Gate Bridge ?
what,HUM:ind What dictator has the nickname `` El Maximo '' ?
what,HUM:gr What stereo manufacturer is `` Slightly ahead of its time '' ?
what,LOC:city What U.S. city is The Queen of the Pacific ?
what,HUM:ind What TV sitcom character had the maiden name Ethel Potter ?
what,ENTY:food What was the first Lifesaver flavor ?
who,HUM:ind Who kept the most famous diary in the English language ?
unknown,LOC:other Where can I find out the top 1 singles ?
unknown,NUM:count How many degrees cooler is the inside of a cucumber than the air outside ?
what,HUM:ind What Spanish artist painted Crucifixion ?
what,ENTY:cremat What is the Jewish bible called ?
unknown,DESC:reason Why is the grass green ?
what,DESC:def What is a firewall ?
what,HUM:ind What spy novelist served as Moscow correspondent for Reuter and The Times of London ?
unknown,HUM:gr Which oil company almost picked a word that meant `` stalled car '' in Japanese as its new international name ?
unknown,NUM:period How long does it take for Spider-Man 's web to evaporate ?
who,HUM:ind Who was Randy Steven Craft 's lawyer ?
what,LOC:other What was known as the Spice Island ?
what,HUM:ind Who was the first host of Person to Person ?
unknown,HUM:ind Name the Ranger who was always after Yogi Bear .
what,"ENTY:other What deck of cards includes the Wheel of Fortune , the Lovers , and Death ?"
what,ENTY:other What does the Statue of Liberty wear on her feet ?
who,HUM:ind Who is the superstar in rent-a-cars ?
what,LOC:city McCarren Airport is located in what city ?
what,"ENTY:other What household facility contains a float ball , ballcock , and overflow tube ?"
what,ENTY:animal What was the name of Betty Boop 's dog ?
what,NUM:perc What fraction of a beaver 's life is spent swimming ?
what,ENTY:substance What was the Bridge of San Luis Rey made of ?
what,DESC:desc What do economists do ?
what,LOC:country What country has the largest sheep population ?
what,"DESC:desc What do I need to do to take my dog with me to live in Dominica , West Indies for a year ?"
what,LOC:country What country is the world 's largest importer of cognac ?
unknown,NUM:count How many years is Johnnie Walker Black Label aged ?
what,ABBR:exp What does SIDS stand for ?
what,ENTY:other What is Grenada 's main commodity export ?
unknown,"NUM:money How much would a black-and-white 1-cent stamp be worth , Thomas Jefferson on it , ?"
what,DESC:reason What makes a clitoris sensitive ?
what,"LOC:country What country has the most time zones , with 11 ?"
what,ENTY:other What `` magic '' does Mandrake employ ?
who,HUM:ind Who is the president of Stanford University ?
unknown,HUM:ind Whose first presidential order was : `` Let 's get this goddamn thing airborne '' ?
what,"ENTY:other What was introduced commercially by Bayer A.G. of Leverkusen , in 1899 ?"
what,LOC:city What city is Logan Airport in ?
what,DESC:def What is a nanometer ?
unknown,NUM:count How many innings are there in a regulation softball game ?
when,NUM:date When did CNN go on the air ?
what,LOC:city What is the largest city on the Great Lakes ?
what,NUM:code What is the telephone number for the University of Kentucky ?
who,HUM:ind Who invented baseball ?
unknown,NUM:count How many wives did Brigham Young have ?
what,ENTY:product What product on the market is good for hiding facial scars ?
unknown,NUM:dist How long is the Coney Island boardwalk ?
what,LOC:city What city gained renown for its pea-soup fogs ?
what,DESC:def What does `` Janelle '' mean ?
unknown,DESC:manner How do I get another city 's newspaper ?
unknown,ENTY:cremat Name a movie about the Sioux Indians starring Kevin Costner .
who,"HUM:ind Who was shot in the back during a Poker game in Deadwood , the Dakota territory ?"
what,DESC:desc What are the distinct physical characterstics of the Arabian horse ?
what,ENTY:dismed What is a fear of thunder ?
what,ENTY:animal What animal has killed the most people ?
unknown,NUM:count How many colleges are in Wyoming ?
what,LOC:city What Russian seaport has a name meaning `` Lord of the East '' ?
unknown,LOC:other Where can stocks be traded on-line ?
when,NUM:date When was the Battle of Hastings ?
what,ENTY:other What kind of file has the extension .dbf ?
when,NUM:date When did Muhammad live ?
what,"ENTY:termeq What then-derogatory term was applied to the painters Monet , Sisley , Pissarro , Renoir and Degas ?"
what,DESC:def What is a wop ?
unknown,DESC:desc Where do rocks come from ?
unknown,DESC:manner How do I stop background noise in a car stereo ?
unknown,LOC:mount Where do people mountain climb in Nepal ?
what,HUM:gr What is the best college in the country ?
what,DESC:def What is viscosity ?
what,ENTY:cremat What was the name of the sitcom that Alyssa Milano starred in with Tony Danza ?
what,LOC:country What are the Nordic nations ?
unknown,LOC:other Where on the Internet can I get information about the Fifth Amendment on the American Bill of Rights ?
what,LOC:state What U.S. state borders Illinois to the north ?
unknown,ENTY:cremat Name a film in which Jude Law acted .
what,NUM:temp What is the temperature for baking Peachy Oat Muffins ?
what,ENTY:dismed What is a fear of bees ?
what,ENTY:cremat What Vladimir Nabokov novel features Professor Humbert in love with a 12-year-old girl ?
what,DESC:def What is a green bog ?
unknown,LOC:other Where did the myth of Santa Claus originate ?
what,ENTY:other What does a chairbound basophobic fear ?
what,LOC:city What city is served by Logan International Airport ?
what,HUM:ind What wrestling star became `` The Incredible Hulk '' ?
what,LOC:other What attracts tourists to Reims ?
what,ENTY:sport What game do Steve McQueen and Edward G. Robinson play in The Cincinnati Kid ?
what,ENTY:other What fastener did Whitcomb Judson patent in 1893 ?
what,DESC:def What 's an auberge in France ?
who,HUM:ind Who was the star of the 1965 Broadway hit Golden Boy ?
unknown,LOC:other Where is Procter & Gamble based in the U.S. ?
what,HUM:gr What army was founded by William Booth and his wife Catherine ?
what,ENTY:substance What does ribavirin consist of ?
unknown,ENTY:food Name the soft drink that is `` number one in the sun . ''
what,LOC:other What is the web address of the list of e-mail addresses of members of the House of Representatives ?
what,HUM:ind What was her real name ?
unknown,DESC:reason Why are the ears your center of balance ?
who,HUM:ind Who invented the toothbrush ?
what,ENTY:cremat What was the name of that popular song the Creeps sang ?
unknown,LOC:other Where is the Abominable Snowman said to wander ?
what,ENTY:dismed What is a fear of being alone ?
unknown,NUM:count How many dots make up the symbol for `` because '' ?
what,ENTY:food What do you get by adding Lactobacillus bulgaricus to milk ?
when,"ABBR:exp When reading classified ads , what does EENTY : other stand for ?"
unknown,NUM:count How many hearts does an octopus have ?
what,ENTY:plant What plant has the largest seed ?
what,LOC:country What was the only country you were allowed to drive into Israel from in 1979 ?
what,ENTY:other What 's approaching when a cyclist shouts : `` Oil '' ?
what,"HUM:ind What baseball star turned down a $1 , 000-a-year contract because he felt he had n't earned it ?"
what,ENTY:sport What kind of sport is often associated with hooligans ?
what,HUM:ind What video game hero do some of his fans call Chomper ?
unknown,NUM:count How many holes are there in a tenpin bowling ball ?
what,ENTY:word What is the longest word in the English language ?
what,LOC:other In What city or state do the most gay men live in ?
what,"HUM:ind What TV comediennes 's characters include former movie star Nora Desmond , secretary Mrs. Wiggins and a housewife named Eunice ?"
what,ENTY:animal What is `` the bear of beers '' ?
unknown,ENTY:other Name the operating system that runs on IBM-compatible machines .
what,DESC:def What does the name `` Justin '' mean ?
what,NUM:perc What percentage of the body is muscle ?
what,ENTY:color What color of dry wine should be served with veal roasts and chops ?
what,ENTY:substance What is a golf ball made of ?
what,DESC:def What is the Amish religion ?
what,NUM:money What does an average daycare provider get paid in New England ?
what,HUM:gr What was the name of the 187s Irish terrorist group in Pennsylvania mining areas ?
who,HUM:ind Who played the Ringo Kid in the 1939 film Stagecoach ?
who,HUM:ind Who died 1 feet from where John F. Kennedy did ?
what,DESC:def What is the `` coppertop '' battery ?
what,ENTY:symbol What sign is The Water Carrier the zodiacal symbol for ?
what,ENTY:animal What animals do you find in the stock market ?
what,DESC:def What is color ?
when,NUM:date When is the site www.questions.com going to open ?
what,ENTY:cremat What did Shostakovich write for Rostropovich ?
what,HUM:ind What first name was Nipsy Russell given at birth ?
unknown,DESC:manner How can I get some free technical information on Electric Vehicle ?
who,HUM:ind Who is the youngest of the Beatles ?
unknown,DESC:manner How did shipyard inspector James J. Kilroy designate equipment as being satisfactory ?
what,DESC:def What is a Jellicle Cat ?
unknown,LOC:other Where can I find the best free evidence for debate about Russia ?
what,LOC:other What is Bill Gates of Microsoft E-mail address ?
what,ENTY:substance What is the second hardest substance ?
unknown,DESC:reason Why did several San Diego schools stop serving apples to students ?
what,LOC:city What Russian city boasts the Hermitage Museum ?
when,NUM:date When is Bastille Day ?
what,DESC:reason What makes a tornado turn ?
unknown,NUM:count How many shots can a stock M16 hold ?
what,ENTY:color What two colors are you blind to if you suffer from protanopia ?
unknown,DESC:reason Why do n't you guys have some sort of contest where you ask a question and whoever finds the answers wins a prize ?
who,HUM:desc Who is Coronado ?
what,ENTY:cremat What was the name of the movie that starred Sharon Stone and Arnold Schwarzenegger ?
what,DESC:def What is artificial intelligence ?
what,ENTY:food What do flatfish eat ?
who,HUM:ind Who was the first Holy Roman Emperor ?
what,ENTY:other What can I use to remove the stubborn gummed labels from some diskettes ?
what,NUM:date What day of the week sees the most fatal car accidents ?
what,"DESC:desc What is the origin of the word , magic ?"
what,ENTY:sport What sport do you shag flies in ?
what,DESC:def What is white chocolate ?
unknown,LOC:other Where is Trinidad ?
unknown,HUM:gr Name the organization that is presided by a Security Council .
who,"HUM:ind Who graced the airwaves with such pearls as `` Do ya lo-o-ove me ? Get naked , baby ! '' ?"
what,ENTY:food What kind of wine is Spumante ?
who,HUM:ind Who portrayed portly criminologist Carl Hyatt on Checkmate ?
unknown,ENTY:termeq How do you say I love you in Spanish ?
what,DESC:def What does the name Gina mean ?
what,ENTY:product What is the most advanced handheld calculator in the world ?
unknown,NUM:speed How fast is light ?
what,ENTY:termeq What is the belt of low pressure around the equator called ?
what,DESC:def What are shooting stars ?
unknown,HUM:gr Whom did the Chicago Bulls beat in the 1993 championship ?
when,NUM:date When was the first American encyclopedia published ?
what,LOC:other What 's the tallest building in New York City ?
unknown,DESC:manner How is Easter Sunday 's date determined ?
what,DESC:desc What is the Motto for the State of Maryland ?
who,HUM:desc Who is Desmond Tutu ?
unknown,LOC:other Where can I find information on the Narragansett Indians and other tribes in Rhode Island ?
unknown,ENTY:animal Name a tiger that is extinct .
unknown,NUM:count How many quarters equal a pound ?
what,ENTY:cremat What kind of books does Fodor 's publish ?
what,"HUM:ind What are the first names of Rowan and Martin , the stars of TV 's Laugh-In ?"
what,NUM:ord What chapter of the Bible has the most verses ?
who,HUM:ind Who is the worst US President ever ?
what,HUM:ind What Asian leader was known as The Little Brown Saint ?
what,ABBR:abb What is the abbreviated expression for the National Bureau of Investigation ?
unknown,NUM:speed How fast does the fastest car go ?
what,LOC:mount What is the highest mountain in the world ?
what,LOC:other What arch can you see from the Place de la Concorde ?
who,HUM:ind Who sings the song `` Drink to me with thine eyes '' by Ben Johnson ?
unknown,NUM:period How long should a person wash their hands before they are clean ?
unknown,LOC:other Which way do you turn your Bic to increase the flame - clockwise or counterclockwise ?
unknown,LOC:country Which is the wealthiest country in the world ?
unknown,DESC:manner How can I find a phone number of someone if I only know their email address ?
unknown,DESC:manner How can you contact play producers and promoters on-line ?
who,HUM:ind Who is the monarch of the United Kingdom ?
what,ENTY:dismed What is a fear of passing high objects ?
what,DESC:desc What do players try to do when the music stops in a game of musical chairs ?
what,HUM:ind What are the top ten most common girl names in the US ?
unknown,DESC:reason Why is black the color of mourning in the West ?
what,ENTY:other What is the rarest coin ?
what,ENTY:cremat What Judith Rossner novel was made into a film starring Diane Keaton ?
unknown,LOC:country Which country is Australia 's largest export market ?
unknown,LOC:other Where is the Kentucky Horse Park located ?
what,ENTY:dismed What is a fear of parasites ?
unknown,ENTY:sport In what Olympic Games did Nadia Comaneci become popular ?
who,HUM:ind Who does data collection in tourism ?
what,HUM:ind What was the name of the daughter of the Virginia chief Powhatan that married John Rolfe ?
what,LOC:state What is the leading pecan and peanut growing state ?
what,DESC:desc What does a nihilist believe in ?
unknown,DESC:desc What did Richard Feynman say upon hearing he would receive the Nobel Prize in Physics ?
unknown,"ENTY:sport In what sport are these following numbers relevant : 118 , 126 , 134 , 142 , 15 , 158 , 167 , 177 , and 19 ?"
who,HUM:ind Who were the four famous founders of United Artists ?
what,ENTY:cremat What 2 statues did France give to other countries ?
what,DESC:def What are amphibians ?
unknown,NUM:count How many sperm cells are in an average ejaculation ?
unknown,ENTY:product Name the disposable razor that `` costs about 19 cents . ''
unknown,NUM:dist How far do you have to run if you hit a home run ?
who,HUM:ind Who was the only U.S. President to wear a Nazi uniform ?
what,HUM:gr Woodrow Wilson served as president of what university ?
unknown,LOC:other Where are the tropical rain forest distributions ?
what,HUM:ind What 's the nickname of oddsmaker Jimmy Snyder ?
what,ENTY:dismed What is the fear of being loved ?
what,NUM:other What was the number of people that Randy Steven Craft was convicted of killing ?
what,HUM:title What was Queen Victoria 's title regarding India ?
unknown,DESC:manner How is a hydrogen bomb different from a nuclear bomb ?
unknown,NUM:dist How far can a man travel in outer space ?
unknown,LOC:other Where was Lincoln assassinated ?
what,ENTY:food What type of food makes you fat ?
what,ENTY:dismed What is the name of the chronic neurological autoimmune disease which attacks the protein sheath that surrounds nerve cells causing a gradual loss of movement in the body ?
what,NUM:count What was the U.S. highway death toll in 1969 ?
what,"ENTY:animal What kind of animals are Dorsets , Lincolns , Oxfords and Southdowns ?"
what,ENTY:cremat What are the shortest and the longest songs ever produced ?
what,ENTY:letter What letter is to the right of K on a typewriter keyboard ?
what,"DESC:desc What is the origin and the meaning of the name , `` Hajo ? ''"
what,ENTY:word What is the plural of gulf ?
unknown,HUM:ind Whose autobiography is titled Yes I Can ?
what,NUM:date What year did the United States pass the Copyright law ?
what,NUM:perc What percentage of Americans own their homes ?
what,NUM:date What 's the first day of the week ?
what,LOC:city What city was President William McKinley shot in ?
what,LOC:city What city has the world 's longest subway system ?
who,"HUM:ind Who claimed he killed 4 , 280 buffalo as food for the crew building the Kansas Pacific Railway ?"
what,DESC:def What is Bombay duck ?
unknown,NUM:count How many degrees cooler is the inside of a cucumber than the air outside ?
what,HUM:ind What double talking `` professor '' holds a doctorate in Nothing ?
what,LOC:city What are the five most expensive cities in the world ?
what,HUM:ind What 19th-century writer had a country estate on the Hudson dubbed Sunnyside ?
unknown,NUM:count How many layers of yellow paint is a Faber Mongol pencil lucky enough to be sprayed with ?
what,DESC:def What is a virtual IP address ?
what,HUM:ind What was the name of the cook on Rawhide ?
what,LOC:other What county is Chicago in ?
what,NUM:dist What is the wingspan of a condor ?
what,DESC:desc What facial feature typically contains about 55 hairs ?
who,"HUM:ind Who was named Admiral of the Ocean Seas and Viceroy and Governor General of all the islands he might discover , and also granted 10-?? of all profits of his voyage ."
unknown,DESC:manner How can I transport files from one computer to another ?
what,ENTY:termeq What 's the literary term for a play on words ?
what,ENTY:color What color were their horses ?
what,NUM:money What does an average daycare provider get paid in New England ?
what,HUM:ind What author landed a 468-pound marlin without harness in the early 193 's ?
unknown,NUM:count How many Americans fought for the British in the American Revolution ?
what,ENTY:other What kind of education do I need to become a flight attendant ?
what,ENTY:lang What are the two languages of Malta ?
unknown,NUM:count How many oceans are there and name them ?
what,DESC:desc What happened during the Blackhawk Indian war of 1832 ?
unknown,NUM:count How many pairs of legs does a lobster have ?
what,DESC:def What does the Latin ante mortem mean ?
what,DESC:def What does the name Shawn mean ?
unknown,LOC:other Where is the Danube ?
unknown,"HUM:ind What lawyer won the largest divorce settlement , $85 million , in U.S. history for Sheika Dena Al-Farri ?"
what,ENTY:animal What do you call a group of geese ?
who,"HUM:ind Who delivered his last newscast on March 6 , 1981 ?"
unknown,"NUM:count How many times has `` Louie , Louie '' been recorded ?"
unknown,DESC:manner How is Answers.com different from KnowPost.com ?
what,LOC:other What is the longest place name in the U.S. ?
what,NUM:perc What percent liked Thatcher after she had been in power for a decade ?
unknown,"LOC:other Where does Buzz Aldrin want to build a permanent , manned space station ?"
what,ENTY:cremat What was Mel Gibson 's first movie ?
unknown,DESC:reason Why was the L.A. office of Shea and Gould closed ?
unknown,DESC:manner How do I start a bank ?
unknown,DESC:manner How do Ouija Boards work ?
what,ENTY:animal What horse did Zorro ride ?
unknown,DESC:manner How do you get a broken cork out of a bottle ?
unknown,LOC:other Where can I find correct tabs for Third Eye Blind songs ?
unknown,DESC:manner How do you determine heating requirements for your home ?
what,HUM:ind What former major-league left-handed baseball pitcher was known as `` Space Man '' ?
unknown,"ENTY:product Which hair care product told us `` hate that gray , wash it away '' ?"
unknown,DESC:reason Why did the chicken cross the road ?
what,HUM:ind What was Michelangelo 's last name ?
who,HUM:desc Who is Barbara Jordan ?
who,HUM:ind Who was the Democratic nominee in the American presidential election ?
what,ENTY:cremat What was Connecticut 's first constitution called ?
what,ENTY:event What historical event happened in Dogtown in 1899 ?
what,DESC:def What is being done about the millennium bug ?
what,DESC:reason What was the claim to fame of King Camp Gillette ?
what,ENTY:dismed What is the most common kind of skin cancer in the U.S. ?
what,DESC:def What is Olestra ?
what,LOC:country What Asian country has a bill of rights for cows ?
unknown,NUM:count How many fingers are used to draw a bow ?
what,ENTY:plant What are two plants that clothes are made from ?
when,NUM:date When was Hurricane Hugo ?
what,ENTY:food What is the most heavily caffeinated soft drink ?
what,HUM:ind What President-to-be was the first member of Congress to enlist following the attack on Pearl Harbor ?
what,NUM:money What was the price of Varian Associates ' vacuum products division ?
when,NUM:date When was `` the Great Depression '' ?
what,ENTY:lang What language is mostly spoken in Brazil ?
what,HUM:gr What college produced the most winning Super Bowl quarterbacks ?
unknown,DESC:manner How do you solve `` Rubik 's Cube '' ?
what,DESC:def What is prepared mustard ?
what,HUM:ind What classical Spanish writer warned : `` All that glitters is not gold '' ?
what,DESC:def What does `` antidisestablishmentarianism '' mean ?
what,HUM:ind What actor married John F. Kennedy 's sister ?
what,ENTY:dismed What does a topophobic actor suffer from ?
who,HUM:ind Who fired Maria Ybarra from her position in San Diego council ?
unknown,"NUM:period The italian artist , Maurizio Pellegrin , is how old ?"
what,ENTY:other What type of hunting are retrievers used for ?
what,DESC:reason What is Colin Powell best known for ?
who,HUM:ind Who was the first black golfer to tee off in the Masters ?
what,LOC:city What city is the setting for Puccini 's opera La Boheme ?
what,HUM:ind What U.S. President showed a fondness for munching on bee pollen bars ?
what,DESC:def What is measured in curies ?
unknown,HUM:ind Whose cover is that of an employee of Universal Import and Export ?
what,HUM:ind What former president 's daughter has written a book titled Murder in the White House ?
what,HUM:ind What fictional character is known as the `` melancholy Dane '' ?
what,ENTY:product Italy is the largest producer of what ?
what,HUM:ind What longtime game show host dropped dead while jogging in Central Park in 1984 ?
what,"DESC:def What is the meaning of W.B. Yeat 's poem , `` The Three Hermits ? ''"
who,HUM:ind Who were the `` filthiest people alive ? ''
what,ENTY:dismed What infectious disease is the world 's deadliest ?
what,DESC:def What is Spumante ?
what,NUM:date In what year did Ireland elect its first woman president ?
what,DESC:def What is an isthmus ?
what,ENTY:animal What was the name of the orca that died of a fungal infection ?
unknown,LOC:other Where is Mozambique located ?
what,ENTY:animal What is Mississippi 's state animal ?
what,DESC:desc What 's the origin of the word ` news ' ?
what,ENTY:other What did Dan Aykroyd and John Belushi quit Saturday Night Live to become ?
unknown,NUM:count How many months does a normal human pregnancy last ?
unknown,DESC:manner How do fuel injectors work ?
unknown,DESC:manner How can your school march in the Macy 's Thanksgiving Parade ?
what,HUM:ind What is the real name of disc jockey `` Wolfman Jack '' ?
what,ENTY:veh What Italian liner was hijacked in 1985 ?
what,LOC:city What city houses the U.S. headquarters of Procter and Gamble ?
what,ENTY:product What soap was touted as being `` for people who like people '' ?
unknown,NUM:money How much was the minimum wage in 1991 ?
what,ABBR:exp What does NAFTA stand for ?
who,HUM:ind Who invented silly putty ?
what,"HUM:gr What new middle school was built in Philadelphia , Pennsylvania last year ?"
who,HUM:ind Who patented the first phonograph ?
what,ENTY:techmeth What are some tips for building a fire in a fireplace ?
what,ENTY:food What do manatees eat ?
unknown,ENTY:termeq How do you say 2 in Latin ?
what,ENTY:cremat What were popular songs and types of songs in the 1920s ?
unknown,NUM:count How many Vietnamese were there in the Soviet Union ?
what,ENTY:other What is November 's birthstone ?
what,DESC:def What is a Certified Nurse Midwife ?
unknown,"NUM:count On average , how many miles are there to the moon ?"
who,HUM:ind Who created private detective Philip Marlowe ?
what,"ENTY:cremat What Boris Pasternak book sold 5 , 0 copies to become the fiction best-seller of 1958 ?"
what,DESC:desc What is the origin of the expression `` tout de suite '' ?
what,ENTY:word What is the longest English word ?
what,DESC:reason What is the purpose of a car bra ?
what,DESC:reason What is D.B. Cooper known for ?
who,HUM:desc Who is Colin Powell ?
what,ENTY:animal What species is a colt ?
what,ABBR:exp What is the full name of the PLO ?
what,LOC:country What is the smallest country in Africa ?
who,HUM:ind Who coined the term NN cyberspace `` in his novel NN Neuromancer '' ?
what,ENTY:event What age followed the Bronze Age ?
what,HUM:title What is her profession ?
what,HUM:ind What is the full name of the man who invented the multicolored game cube that has 42.3 quintillion potential combinations ?
what,ABBR:exp What does the word LASER mean ?
what,DESC:def What does the name `` Anthony '' mean ?
who,HUM:ind Who was Lauren Bacall 's first husband ?
what,DESC:def What is a rhomboideus minor ?
unknown,NUM:count How many hands does Bjorn Borg use when hitting his forehand ?
unknown,NUM:count How many people died on D-Day ?
what,"HUM:ind What U.S. Congressman said : `` Keep the faith , baby '' ."
who,HUM:ind Who created the character of Scrooge ?
what,NUM:other What is the student population at the University of Massachusetts in Amherst ?
unknown,LOC:other Where is Windsor Castle ?
when,NUM:date When did the Dow first reach ?
unknown,DESC:reason Why were people recruited for the Vietnam War ?
what,HUM:gr What party was Winston Churchill a member of ?
what,HUM:gr What American League baseball team 's worst finish between 1926 and 1964 was fourth ?
unknown,LOC:other Where can I find the names of all the 15 Pokemon ?
what,LOC:state What state does Martha Stewart live in ?
unknown,ENTY:animal Which killer whale died at Sea World of a fungal infection ?
what,LOC:country What are the Benelux countries ?
unknown,LOC:other Where 's the Petrified Forest ?
what,ENTY:lang What is a language spoken by the Sioux ?
unknown,LOC:other Where is Tornado Alley ?
who,HUM:ind Who was the author of `` John Brown 's Body '' ?
what,HUM:ind What American poet wrote : `` Good fences make good neighbors '' ?
what,LOC:state What state in the U.S. has the most blacks ?
unknown,DESC:reason Why are electric cars less efficient in the northeast than in California ?
what,HUM:title What was the occupation of Mandy Rice-Davies ?
what,LOC:city What is the city in which Maurizio Pellegrin lives called ?
who,HUM:ind Who painted the Sistine Chapel ?
unknown,HUM:ind Name the various costumed personas of Dr. Henry Pym .
what,ENTY:animal What breed of dog was the `` Little Rascals '' dog ?
what,DESC:desc What are the living conditions in Cuba ?
what,ENTY:color What color are school buses ?
what,LOC:other What is the oldest website on the Internet ?
what,"ENTY:event What events happened January 26 , 1978 ?"
what,HUM:ind What explorers followed Columbus to the Americas ?
who,HUM:ind Who is actress Goldie Hawn 's current actor boyfriend ?
who,HUM:ind Who banned Peter Rose from baseball for betting on games ?
what,DESC:def What are the seven virtues ?
what,ENTY:termeq What other name were the `` Little Rascals '' known as ?
when,NUM:date When was the San Francisco fire ?
what,ENTY:dismed What is a fear of food ?
unknown,"NUM:count How many casinos are in Atlantic City , NJ ?"
what,NUM:date What year did the Vietnam War end ?
what,HUM:ind What are the names of Richard Nixon 's two daughters ?
what,ENTY:word What 's the word for broken glass or sharp rocks embedded in cement on top of a wall ?
what,NUM:count What is the chromosome number of an elephant ?
what,HUM:gr What organization was founded by the Rev. Jerry Falwell ?
what,LOC:other What 's the longest river in the world ?
unknown,ENTY:food Which soft drink does Madonna advertise for ?
what,HUM:gr What company is being bought by Yahoo and how much is the deal worth ?
when,NUM:date When was Berlin 's Brandenburg gate erected ?
unknown,NUM:count How many double-word-score spaces are there on a Scrabble Crossword Game board ?
what,NUM:date What year did Germany sign its nonaggression pact with the Soviet Union ?
what,LOC:mount What mountain range is traversed by the highest railroad in the world ?
unknown,DESC:reason Why were the American soldiers in WWI called `` Doughboys ''
who,HUM:ind Who was nicknamed The Little Corporal ?
unknown,NUM:count How many CDs has Garth Brooks sold ?
unknown,ENTY:veh Name the vessel used by the Atari Force in the DC comics .
unknown,LOC:other Where are the leading medical groups specializing in lung diseases ?
unknown,"DESC:manner How can I find online spelling , and punctuation drills for my 6th grader ?"
what,LOC:other What 's the sacred river of India ?
what,LOC:country What is Stefan Edberg 's native country ?
what,ENTY:body What is the only gland in humans that can regenerate itself ?
unknown,NUM:count How many Gutenberg Bibles are there ?
unknown,LOC:country Name the largest country in South America .
what,ENTY:event What astronomical phenomenon takes place in Jan. 1999 ?
what,DESC:desc What information can you get me on Fairground Park in St. Louis
what,HUM:ind What was American folk hero John Chapman 's nickname ?
what,DESC:desc What is the difference between a median and a mean ?
what,ENTY:cremat What was the top box office movie in April 1998 ?
what,DESC:reason What makes thunder ?
what,HUM:ind What author did photographer Yousuf Karsh call `` the shiest man I ever met '' ?
unknown,"ENTY:other Which is the largest clock , diameter wise , in Europe ?"
what,ENTY:plant What plant is rum made from ?
what,LOC:country What country are Godiva chocolates from ?
unknown,"HUM:ind Name the poet of the poem which begins : I do not know much about gods ; but I think that the river Is a strong brown god-sullen , and untamed ?"
unknown,ENTY:food Which condiment was once sold as a patent medicine ?
what,LOC:state What U.S. state records the least rainfall ?
unknown,DESC:reason Why did the world enter a global depression in 1929 ?
what,"DESC:def What was archy , and mehitabel ?"
what,LOC:city What Texas city got its name from the Spanish for `` yellow '' ?
what,ENTY:substance What are the chemicals used in glowsticks ?
what,LOC:country What country did the Nile River originate in ?
what,ENTY:color What color are tennis balls ?
what,HUM:ind What barroom judge called himself The Law West of the Pecos ?
what,DESC:desc What excuse did the NATO people give for hitting the Chinese embassy ?
who,HUM:ind Who was President of Costa Rica in 1994 ?
what,ENTY:sport What sports event is Meyer Wolfsheim supposed to have fixed in The Great Gatsby ?
what,LOC:country What country has the best defensive position in the board game Diplomacy ?
what,LOC:country What two countries share the Khyber Pass ?
who,HUM:ind Who was chairman of the Senate select committee that tried to get to the bottom of Watergate ?
what,DESC:desc What is the origin of the surname of Braun ?
what,"ENTY:sport What card game has variations called Canfield , Klondike and Spider ?"
what,DESC:def What is Australia Day ?
what,ENTY:animal What mammal of North America is the world 's longest-lived for its size ?
what,DESC:def What was the Chivington Massacre ?
what,"HUM:ind What actor starred in 1980 's Blue Lagoon , 1982 's The Pirate Movie and 1983 's A Night in Heaven ?"
unknown,NUM:count How many home runs did Lou Gehrig have during his career ?
what,LOC:city In what city is the headquarters of Sinn Fein ?
unknown,LOC:other Where can I find information on George Bush ?
who,HUM:ind Who is the voice of Miss Piggy ?
what,ENTY:termeq What is the dialogue circle in cartoons called ?
what,"DESC:def What does the word camaro mean , from the GM car the Camaro ?"
who,HUM:ind Who replaced Bert Parks as the host of The Miss America Pageant ?
unknown,NUM:count How many boys play the game in Winslow Homer 's 1872 painting Snap the Whip ?
what,DESC:def What is the AIM-54C Phoenix ?
when,NUM:date When are sheep shorn ?
what,ENTY:sport What sport is Chris Jogis a top player of ?
what,LOC:other What 's the second-largest island in the world ?
what,DESC:def What is the definition of low island ?
what,NUM:date What century does Captain Video live in ?
what,ENTY:other What types of water pollution are there ?
unknown,NUM:count How many astronauts manned each Project Mercury flight ?
what,ENTY:food What soft drink would provide me with the biggest intake of caffeine ?
what,ENTY:other What 's the name of a golf course in Myrtle Beach ?
what,ENTY:event What are some of the significant historical events of the 1990s ?
unknown,ENTY:cremat Name the only extant trilogy of classical Greek plays .
unknown,LOC:other Where is Logan Airport ?
what,DESC:desc What is the difference between Neoclassical art and Romanticism art ?
who,HUM:ind Who was the first person inducted into the U.S. Swimming Hall of Fame ?
what,HUM:ind What golfer has been called Ohio Fats and Blobbo ?
who,HUM:ind Who murdered Leno and Rosemary LaBianca on August 1
what,NUM:money What is the average cost for four years of medical school ?
what,ENTY:other What does God create in the first sentence of the Bible ?
unknown,HUM:ind Which of the following men was not married to Rita Hayworth ?
what,NUM:money What is the current ticket fare from from Cairo to Barbados ?
what,ABBR:exp What does NN O `` mean when used as a prefix in Irish surnames ?
unknown,DESC:manner How do you find oxidation numbers ?
what,LOC:state What is the state nickname of Mississippi ?
what,"DESC:reason What is Black Hills , South Dakota most famous for ?"
what,ENTY:cremat What 1966 boob tube bomb took astronauts back to prehistoric times ?
unknown,NUM:count How many students attend the University of Massachusetts ?
who,"HUM:ind Who said , `` I shall return . '' during World War Two ?"
what,ENTY:event What holidays are celebrated in Ireland ?
who,"HUM:ind Who portrayed Etta Place , companion to Butch Cassidey and the Sundance Kid ?"
what,DESC:def What are the Greek numerals ?
what,LOC:other What 's the name of the temple that is located near the capital city of Laos ?
what,ENTY:dismed What is a fear of sleep ?
what,ENTY:sport What auto race was Wilbur Reed the first to win three times ?
what,ENTY:animal What are the most common breeding birds in the U.S. ?
what,"ENTY:event What was organized as a Confederate veterans ' social club in Pulaski , in Tennessee , in 1866 ?"
unknown,DESC:manner How do you look up criminal records on the Internet ?
unknown,"LOC:other Where is the actress , Marion Davies , buried ?"
what,DESC:desc What is an example of an actual case of using the Fourteenth Amendment ?
who,HUM:ind Who was the Charlie perfume woman ?
what,HUM:ind Who portrayed `` Rosanne Rosanna-Dana '' on the television show `` Saturday Night Live '' ?
